class,method,n,CL_mean,CL_std,mean_mean,mean_std,std_mean,std_std,entropy_mean,entropy_std,renyi2_mean,renyi2_std,rms_contrast_mean,rms_contrast_std,robust_michelson_mean,robust_michelson_std,avg_gradient_mean,avg_gradient_std,tenengrad_mean,tenengrad_std,edge_density_mean,edge_density_std,edge_density_delta_pp_mean,edge_density_delta_pp_std,local_contrast_mean,local_contrast_std,local_std_mean_mean,local_std_mean_std,laplacian_var_mean,laplacian_var_std,high_freq_ratio_mean,high_freq_ratio_std,rms_contrast_gain_mean,rms_contrast_gain_std,robust_michelson_gain_mean,robust_michelson_gain_std,avg_gradient_gain_mean,avg_gradient_gain_std,tenengrad_gain_mean,tenengrad_gain_std,local_std_gain_mean,local_std_gain_std,laplacian_var_gain_mean,laplacian_var_gain_std,high_freq_ratio_gain_mean,high_freq_ratio_gain_std,mae_vs_input_mean,mae_vs_input_std,rmse_vs_input_mean,rmse_vs_input_std,psnr_vs_input_db_mean,psnr_vs_input_db_std,ssim_vs_input_global_mean,ssim_vs_input_global_std,Q_BRISQUE_mean,Q_BRISQUE_std,Q_NIQE_mean,Q_NIQE_std
crazing,Input,12,nan,nan,156.31295416666666,17.2444717617337,29.821891224651836,2.7621918493974587,6.916550676027934,0.12347619682778685,6.703584848335693,0.1397747012430386,0.11694859303785034,0.010832124899597879,0.3124237172672954,0.057371963689541824,15.533790349960327,1.531777041313977,12025.234008789062,2545.212478858848,0.37327916666666666,0.011180054446389897,0.0,0.0,0.08886400920649369,0.001253960744093883,19.286416053771973,2.2966464449426973,2231.685925123229,365.2864966712681,0.006018668335552017,0.00022538335056543265,1.0,0.0,1.0,0.0,1.0,0.0,1.0,0.0,1.0,0.0,1.0,0.0,1.0,0.0,0.0,0.0,0.0,0.0,nan,nan,1.0,0.0,nan,nan,nan,nan
crazing,Global HE,12,nan,nan,128.71828125,0.11461348243166215,73.54826055897607,0.06264313388855218,6.787768046061198,0.12026917325985952,6.67168848327147,0.13568517875361336,0.2884245512116708,0.0002456593485825621,0.8952577721634134,0.003793421580075572,38.35020192464193,6.694601760223069,77511.21061197917,25633.31864577337,0.3760541666666667,0.004275097464775901,0.27749999999999997,0.8826355162497466,0.35909665127595264,0.05034326435953655,48.17784881591797,9.234766253054852,15025.313963030469,4649.345753034487,0.04625772358849645,0.014531623211934476,2.484857158986333,0.22035113203421447,2.9461304927220424,0.48198020092855837,2.4549441095067186,0.2520486783721133,6.319827671642145,1.2243088181834534,2.4818143575480125,0.2577645219928735,6.612561760275852,1.3714518510923435,7.724573851654079,2.524526329712737,45.18260625,5.645934557927552,54.6656575289348,8.564351953144172,13.482954410150658,1.4509775280109425,0.6655872714824919,0.052508469950847514,nan,nan,nan,nan
crazing,Fixed CLAHE (CL=2.0),12,2.0,0.0,142.51001666666667,7.064978379585822,43.354972349393044,3.0047530900357167,7.449291507403056,0.09749313378947723,7.295851140601713,0.1157791595280368,0.1700194994093845,0.01178334545112046,0.4996161992297861,0.016810630614042508,30.211682955423992,1.9606161819483983,44135.742838541664,6788.020515122718,0.39055416666666665,0.002376586392031194,1.7274999999999998,1.1202982557418277,0.19519068797429404,0.005873152854493872,37.21236562728882,3.1904604588267773,8411.745102783854,904.081406578154,0.02572473247225086,0.0010864697262340946,1.4685919275147872,0.19520722622075942,1.649243606883445,0.30109856650331135,1.9516106528773456,0.07788224944801053,3.724104087165253,0.28796859485628656,1.9375264263454806,0.07530102387076719,3.808209822563323,0.277397002600381,4.278142549388065,0.2105344687763428,22.747425,2.76593274720219,27.977438994535937,3.233363541186841,19.24957250965113,1.0291228240007981,0.8167473774492753,0.013922134308176255,nan,nan,nan,nan
crazing,Fixed CLAHE (CL=4.0),12,4.0,0.0,136.57355,1.2904633496609548,61.791295532787295,3.5361411826746934,7.866606831550598,0.057542520150415,7.819392900739143,0.07742614070730193,0.2423188060109306,0.013867220324214483,0.7363369687027005,0.04249152260691603,44.63363901774088,1.8066148206779542,95624.66276041667,10388.266459867764,0.38845833333333335,0.0037471403237750024,1.5179166666666666,1.3351956927277702,0.32590067634979886,0.02109710986591831,55.0124257405599,3.296592013337005,18956.729553212655,1301.1981507962846,0.05653154229124387,0.0038813639101720897,2.0933774870574413,0.2693384314878854,2.440194166305871,0.5010010156067671,2.8912287728985278,0.20612518804196875,8.164808112917315,1.132095964358958,2.873869266760407,0.19996433108827777,8.651067273796544,1.0997489520811983,9.408179687163761,0.775730779719121,40.95214583333333,3.0840643312517404,50.26631517752394,4.002806421021853,14.130755718397877,0.6969779954210114,0.5983098705762694,0.04030240926664398,nan,nan,nan,nan
crazing,Rule-based Adaptive CLAHE,12,8.05453308246221,0.3291693948569446,129.367275,0.6010742149004403,70.88509367326645,1.1570595863254103,7.9851393302281695,0.006596612522956289,7.97376912332223,0.01109249223193529,0.2779807595030057,0.004537488573825136,0.8744088619119741,0.011500457790461875,51.70580800374349,1.6647367811462594,127558.796875,5331.360011600949,0.386025,0.0038348284304397548,1.2745833333333336,1.338662338329052,0.4301384190718333,0.007747633942871286,63.68133703867594,1.1783296970636175,26135.16368323531,1866.0795764768286,0.07954250214000542,0.004491959646802728,2.3970051013165024,0.23970575950388223,2.8813130939709772,0.49240821860941136,3.3660903314243935,0.4301116916016145,11.144208612116476,2.865249046543737,3.3471366632664767,0.4196505490967215,12.141198177997387,3.0223540171460117,13.211207036327917,0.4243437545715078,50.081604166666665,1.7583209838518647,61.04908770545284,2.965138107823268,12.426599223029795,0.4214865381859404,0.5311306655138807,0.052991592607039034,nan,nan,nan,nan
crazing,Adaptive Gamma Correction,12,1.0,0.0,156.31295416666666,17.2444717617337,29.821891224651836,2.7621918493974587,6.916550676027934,0.12347619682778685,6.703584848335693,0.1397747012430386,0.11694859303785034,0.010832124899597879,0.3124237172672954,0.057371963689541824,15.533790349960327,1.531777041313977,12025.234008789062,2545.212478858848,0.37327916666666666,0.011180054446389897,0.0,0.0,0.08886400920649369,0.001253960744093883,19.286416053771973,2.2966464449426973,2231.685925123229,365.2864966712681,0.006018668335552017,0.00022538335056543265,1.0,0.0,1.0,0.0,1.0,0.0,1.0,0.0,1.0,0.0,1.0,0.0,1.0,0.0,0.0,0.0,0.0,0.0,nan,nan,1.0,0.0,nan,nan,nan,nan
crazing,MSR Retinex,12,nan,nan,172.80327499999999,15.556365741371545,28.05975223059461,3.9168665875542583,6.8142439524332685,0.20736160948310803,6.573100413456428,0.22126683977744668,0.1100382440415475,0.01536026112766376,0.2729684099637227,0.06713486563009977,16.989096482594807,2.647370758074421,14598.760416666666,4231.970811335298,0.37805,0.009522306347824465,0.4770833333333335,1.2688917109991797,0.09184387947122256,0.022307366029736018,21.100404739379883,2.966847121463842,2673.523707807448,871.3511136597008,0.006392106452646355,0.002989559147692154,0.9457607015257145,0.13757687227511142,0.8843724211935631,0.20490188955813804,1.1043952944721869,0.21150701750947576,1.270690783477114,0.46850237992732124,1.108780819897059,0.20638787763982488,1.2371252698707544,0.4846696586142992,1.0540476349180286,0.47736114320130957,19.1302,10.068817118302338,20.881346286627178,10.24837249649265,22.479468442787184,3.6081988490334944,0.946882096718923,0.03737295570462898,nan,nan,nan,nan
crazing,Proposed DT-QAT Student,12,3.385503022400651,1.8492259510814975,133.39902916666668,5.498513073031583,56.98314824538568,15.20092504680761,7.69441831111908,0.39670023049359676,7.616569295177226,0.48107709295378004,0.22346332645249287,0.05961147077179455,0.6872657508181629,0.18432797858598998,39.043166081110634,13.863973476685995,82915.6328125,44164.368402669505,0.3847125,0.005141127617733113,1.1433333333333329,0.8124460355039351,0.29640624796350795,0.11755418225490212,48.47669378916422,17.75345584282112,16163.793646915468,8512.834702158701,0.04941381971972684,0.025434585119686662,1.953307749504579,0.6126219252277567,2.344711812185273,0.8791578613801807,2.4510525267007046,0.72918969895137,6.356984893399867,2.942750994133732,2.439904054518159,0.7263054219494719,6.786582995598881,3.208942363041817,8.284529126302639,4.319980002366179,34.216254166666666,18.570428319624167,42.10261983329706,22.854495456085044,18.32191969438196,8.717613238257863,0.7017951360385135,0.17141232401284398,nan,nan,nan,nan
inclusion,Input,12,nan,nan,107.27071041666667,11.501792629770106,12.618170686682804,2.1557495432192697,5.510323643684387,0.21552347359127386,5.2671113769112194,0.1907716536739275,0.049483022300716877,0.008453919777330468,0.17140340817612873,0.007104562020826933,2.0697182218233743,0.2962828004213623,407.0613816579183,119.22600240434998,0.004270833333333333,0.0021940216636592404,0.0,0.0,0.01884059701114893,0.0013026080395420073,3.186628152926763,0.5132575913263094,30.601998577447915,7.027098208292897,0.00025895994500994374,2.532579048625094e-05,1.0,0.0,1.0,0.0,1.0,0.0,1.0,0.0,1.0,0.0,1.0,0.0,1.0,0.0,0.0,0.0,0.0,0.0,nan,nan,1.0,0.0,nan,nan,nan,nan
inclusion,Global HE,12,nan,nan,130.8500125,0.4171609652950605,73.31321726039656,0.49965335039822767,5.450827240943909,0.19211104080701624,5.262330855741351,0.18810053742374788,0.28750281278586887,0.0019594249035224543,0.8907135721477788,0.012237617421012044,12.839882453282675,0.8556548118514975,13068.68798828125,2630.0212657629277,0.31866875,0.01291897443948945,31.439791666666668,1.1740651301883747,0.15496883417169252,0.01317827355711454,18.865952094395954,1.7172820802489628,1443.0184393522395,194.91444482254806,0.005791066524883111,0.0009213404001555497,5.976978982631041,1.0900565426544555,5.203797058151872,0.20261151745517617,6.319813909823809,0.9306709285689386,35.52700500585784,13.331118591531748,6.058661470989437,1.0105534187922443,49.52850931968626,12.08981050317194,22.383257579256348,2.9322276029230556,56.50773125,4.546474371673829,66.34939350562716,6.410532896763041,11.7296823714892,0.8133709708789094,0.32139862845834494,0.05474719244639319,nan,nan,nan,nan
inclusion,Fixed CLAHE (CL=2.0),12,2.0,0.0,114.88980416666666,10.99073328546099,15.772008040862044,1.6933689168487938,5.949801802635193,0.1630242216724304,5.7010882280520025,0.1597281321125459,0.0618510119249492,0.006640662419014878,0.21163883360890967,0.022535356249451875,5.005077997843425,0.6633642017962171,2021.1570994059246,529.4155059609612,0.03281041666666667,0.02200268438770941,2.8539583333333334,2.0844850187901582,0.041987816182275615,0.0024184790906503,7.447891275087993,1.127056745363713,181.9896165215625,39.12748311912674,0.001264130473524953,9.060971239068462e-05,1.2699964574388902,0.16868750683482706,1.2362705995961394,0.13375512975267248,2.4224793993685716,0.036312372508246135,5.0609055458776435,0.43195943731015707,2.3423116553704584,0.04596894465700447,5.972637478819348,0.14824611002748792,4.898215792340633,0.2320849532938881,8.72746875,0.8125403631320416,11.802921201969795,1.5809602433360954,26.769381475692434,1.247728147911832,0.8301695614670477,0.04609491986693929,nan,nan,nan,nan
inclusion,Fixed CLAHE (CL=4.0),12,4.0,0.0,123.43070208333333,12.343545811698782,21.955715066479705,1.672165970423003,6.442946712176005,0.1412008116100747,6.1776140975221185,0.15552319820251242,0.08610084339795962,0.006557513609501973,0.278815858032846,0.020793567521151263,8.520483414332071,1.1219873961060391,5170.4885660807295,1290.6128580182221,0.25730416666666667,0.07809790899986704,25.30333333333333,7.659054232894832,0.06667538173496723,0.003312476361530418,12.34196162223816,1.8016561218653693,541.4206714578125,121.27369174047227,0.0030967644221770265,0.00021003272957081064,1.7710936244986086,0.21340323276502748,1.6294708828836373,0.14067794989057034,4.125402809212738,0.09338626696750867,13.145275887389005,2.162502201713362,3.8878553882075924,0.1546342449971001,17.73912720239251,0.4856772379062531,12.01057839871779,0.7313500071222679,17.571116666666665,2.172275180263283,21.550805815524544,2.244954431986234,21.505050695980326,0.9108793202914786,0.7036405038246469,0.033796255213293956,nan,nan,nan,nan
inclusion,Rule-based Adaptive CLAHE,12,10.598012142481206,0.4147038103185654,128.52325208333335,5.913477986398552,35.60573098880334,3.413245859499088,7.174146771430969,0.1520235177851715,6.940941895372238,0.176134817402331,0.13963031760315034,0.01338527788038858,0.462570618199631,0.036708695465205436,18.549447377522785,1.8053048260322773,22230.42236328125,4467.741536187579,0.3756583333333333,0.005246734193474043,37.13875,0.40177518023708986,0.14287191505233446,0.00942961256687989,26.016187985738117,2.954043093325547,2694.6020823122917,440.92423053967997,0.01325828356978794,0.0013453195647882455,2.866480186088012,0.3490724835870719,2.7029423719487715,0.24765066388103016,9.028958634051056,0.5347247028560936,58.03400035727692,14.783724461003047,8.24669260557368,0.622647660778464,89.63608416578745,8.02012897038824,51.29399256269213,3.322093133827305,30.9390875,2.4569753909555883,37.348424903613484,2.4212100023396905,16.701493651646718,0.5482127170010167,0.38370979621667534,0.030022718043802733,nan,nan,nan,nan
inclusion,Adaptive Gamma Correction,12,0.9,0.1477097891751993,118.09142291666667,9.335460102111746,12.45283116764417,2.313515813769445,5.480340083440145,0.24601757045019082,5.23110314970901,0.2223822504638802,0.048834632029977135,0.009072611034389978,0.15506416356875322,0.026328341751290583,2.041903038819631,0.31996426113115933,399.3924268086751,125.07808231665112,0.0041333333333333335,0.0021465176166963734,-0.013749999999999997,0.03213076973302014,0.01711019912424187,0.0034200745938179015,3.1455759704113007,0.5398854761415978,29.9486027615625,7.645852023639064,0.00021903416078809337,7.057107636067393e-05,0.9847482826246988,0.026434365802878397,0.9036134642985807,0.14241727725923595,0.9850367098325958,0.025781082944135232,0.9753714022454886,0.04283046413484435,0.9858547131027334,0.024129836806632783,0.9737608098620714,0.0448424219364869,0.8369205033641782,0.2409659275897595,10.8207125,15.984292271923126,10.822858735024049,15.987436390151554,17.901904444924835,0.09192698873321845,0.9853167984141575,0.021978466044681247,nan,nan,nan,nan
inclusion,MSR Retinex,12,nan,nan,188.69583333333333,29.089090287781772,25.077992438677178,5.3097335418212195,6.349483251571655,0.39910631335411684,6.066850061724592,0.43509521604862955,0.09834506838696933,0.020822484477730274,0.19485305150507043,0.12769529817909597,5.92463755607605,1.7397461452705025,3819.4039103190103,1319.8957910835975,0.0614375,0.10740153762442561,5.716666666666667,10.93807888511368,0.03671015022943417,0.020761489732287093,9.13763721783956,2.399312262854741,275.3950672242708,212.33734484799837,0.001049483895864493,0.001340793474051751,2.100898523805796,0.8626113355802966,1.1497576899587885,0.7867217271467962,3.035168998635273,1.5194080088769237,12.401169998108154,12.687550450545732,3.0507602154148366,1.4614408528245355,11.25065119046595,13.727110345449656,4.615120443111823,6.926047810043984,82.04881875,21.913670023552662,83.59804131721417,19.883289992316815,9.976489614633545,2.50237616222418,0.650930299594617,0.10797542383605306,nan,nan,nan,nan
inclusion,Proposed DT-QAT Student,12,3.9539759696222716,0.43413031993295315,123.71942291666667,10.536522353593682,22.088196290712308,1.3039336323630346,6.455538709958394,0.11456747664840722,6.1921746996992555,0.13230104218152045,0.0866203776106365,0.005113465224953078,0.28055727899866023,0.029602892956144777,8.612092932065329,0.6110408313004514,5221.773457845052,793.7379565282674,0.27206874999999997,0.05261220814623472,26.779791666666668,5.103771829193552,0.06758702142784993,0.002709725548289569,12.468340078989664,1.1546556850331404,548.5855765164583,57.559751974370386,0.0031821594651167593,0.000285283507187819,1.7985404769796665,0.315245826187942,1.6418718831321835,0.2057878685314004,4.213840982846633,0.41994108290431104,13.887089509045024,4.156640693907137,3.9715373711131643,0.4272647610039782,18.627903435308294,3.4283632693533908,12.432125135119682,1.953613425601276,17.957745833333334,2.2968520174071783,21.995298604291555,2.1355204112729957,21.318539566725956,0.7897064120416212,0.6929850927810028,0.039621788314651796,nan,nan,nan,nan
patches,Input,12,nan,nan,132.62424166666668,27.641097519245633,53.69215553044115,6.809693887695306,7.554095983505249,0.08965794581636302,7.336874348919011,0.12989791887905275,0.21055747266839667,0.026704681912530615,0.6681159369579862,0.0871210418427672,13.296042283376059,1.9646762084082237,9111.299845377604,2614.697848994183,0.31444375,0.04630381650896019,0.0,0.0,0.09941063014169534,0.015407361731751942,17.295481125513714,2.8814356482455965,1830.6830024711978,447.40424215960064,0.0057950717164203525,0.0006845522617159758,1.0,0.0,1.0,0.0,1.0,0.0,1.0,0.0,1.0,0.0,1.0,0.0,1.0,0.0,0.0,0.0,0.0,0.0,nan,nan,1.0,0.0,nan,nan,nan,nan
patches,Global HE,12,nan,nan,128.28873541666667,0.0783625000604241,73.64589566600118,0.2254043727887493,7.390093406041463,0.12890379722510883,7.258117918579232,0.14047576721465233,0.28880743398431835,0.0008839387168186209,0.8953208477774875,0.003934705047118248,19.40497914950053,4.195773349812307,20334.461466471355,8514.518533870028,0.3358479166666667,0.010739749120637887,2.1404166666666664,4.92769225367917,0.1913175731897354,0.018370642038650832,24.97333598136902,4.842850158523767,4333.177902676146,2030.31300029753,0.012703987730977436,0.0058323991464632585,1.3924016232042464,0.17956762632183215,1.3587822685070219,0.1576796558978279,1.456091034764726,0.2109868843750755,2.2462618701866925,0.8078693142774391,1.449372211820179,0.20540403636420257,2.3239584909831206,0.8829537452487102,2.2899676990317346,1.1803524052240795,29.629677083333334,9.625876567094473,34.62822417107599,10.553769744815876,17.797910497642743,3.101904066723284,0.9057406368898699,0.045902522997505545,nan,nan,nan,nan
patches,Fixed CLAHE (CL=2.0),12,2.0,0.0,131.25810625,17.28859247758582,54.50257376557427,5.750347860511272,7.6689006090164185,0.06991135276023178,7.49015610565279,0.08910375983759303,0.2137355833944089,0.022550383766710865,0.6637557638116166,0.05582576151903276,24.03449598948161,2.8838651544453504,27471.636881510418,6118.250912778256,0.3790895833333333,0.0056882500337950784,6.464583333333333,4.332392373070844,0.1757166807850202,0.009316451987177985,29.79914903640747,3.440628478244197,5981.620789818073,1315.047013752944,0.019020585576072335,0.002852202761242354,1.019444061235261,0.06477195243452208,0.9995365107763938,0.06749893094625783,1.820089087268687,0.1396422084760051,3.114399724089519,0.5145135977715568,1.7418143541367015,0.15027671413541405,3.32506347794713,0.46373088741654156,3.310372100197396,0.536459204426048,19.785627083333335,2.9028984832259845,25.005735308843548,3.035177768774018,20.231164152080733,1.08811154155157,0.904681070724299,0.026022968627796062,nan,nan,nan,nan
patches,Fixed CLAHE (CL=4.0),12,4.0,0.0,129.57760625,9.665426966455122,60.68838865361485,3.4763029720769683,7.814410487810771,0.02996319097891782,7.661901164299536,0.09888734864476117,0.23799368099456802,0.013632560674811639,0.7353926976858086,0.026906917487559388,33.4881542523702,4.121703054258252,52719.013020833336,11988.525856359705,0.3833875,0.00477551163370338,6.894375,4.7489658114592785,0.25620122253894806,0.015159414751767108,40.724067052205406,4.33312480336816,12096.454010208698,2828.038021403204,0.037356721237301826,0.006933344063267808,1.143698066520767,0.12707186816048646,1.1140931256808744,0.11837197158239764,2.5481912601830805,0.32618150365263565,6.111160197621121,1.6179654592030117,2.398824887005203,0.34701243759244327,6.807682136121919,1.5075567259530982,6.544101920415807,1.5023297883646287,34.472147916666664,5.05595870139044,43.57235981315463,5.356996688748227,15.408310990510895,1.0886749726049332,0.7459178267755376,0.06573822496487937,nan,nan,nan,nan
patches,Rule-based Adaptive CLAHE,12,6.771049276970955,0.8232235948018785,129.708925,4.842840082862723,63.92379907945715,2.459981307630759,7.884971459706624,0.03622169306747286,7.7479767354188445,0.13319901950575527,0.250681565017479,0.009646985520120624,0.7987685214011302,0.01344202735137962,38.46524620056152,4.59715519843194,68896.70149739583,14844.457880108313,0.38286875,0.004224147641294572,6.8425,4.74656969438313,0.3075612435738246,0.03044217531579186,46.39376990000407,4.481754101913621,16277.534944768802,3698.239781158098,0.04917366181810697,0.011265938097851362,1.209364151430129,0.16669199055286385,1.212734151246178,0.1465710745166474,2.9509778601289383,0.542594222066319,8.245489007559135,3.012770015007124,2.759420376160188,0.5525984117580459,9.396823113320796,3.0038045030863882,8.59836959089473,2.2226065385998,42.777816666666666,8.062021826527234,53.88272352576742,8.760610270090298,13.608428994321287,1.428884292336181,0.6367406237076569,0.10719486520014367,nan,nan,nan,nan
patches,Adaptive Gamma Correction,12,0.925,0.13568010505999364,139.55951666666667,17.153730659745225,53.1146112455957,6.778692746926783,7.518884062767029,0.11403724451395031,7.308574042978241,0.1431557176110609,0.20829259311998313,0.02658310881147758,0.6309528776509955,0.04255495171055598,13.191492398579916,2.127551073593313,8886.15966796875,2943.0563755238236,0.32205,0.03331731565908743,0.760625,1.5649938734268694,0.0904272769888242,0.00702406872876049,17.171312252680462,3.04543799264345,1777.9484603471353,531.7758093338915,0.005047394544817507,0.000882792614058656,0.9894731202372079,0.022905493776533434,0.9530285480185713,0.085818219644448,0.9901148863416296,0.02055085083675909,0.9605394226638285,0.07291396026150603,0.9910934383297682,0.020077746064309003,0.9556927723028376,0.08056860833882624,0.8887406645817317,0.20155842600051918,6.935275,12.565990212623516,7.0825253836074955,12.828999855748219,19.09426077694754,0.4706670258157411,0.9900587746895029,0.018003731870379937,nan,nan,nan,nan
patches,MSR Retinex,12,nan,nan,191.10896041666666,16.852804763577385,34.37834561790086,7.360323455424865,6.834912737210591,0.45111296421336355,6.548172587648241,0.5092304075934255,0.1348170416388269,0.028864013550685744,0.32280320493318987,0.09807755431548504,9.968806823094686,2.4803734618435054,5275.624593098958,2027.057008055474,0.24965416666666668,0.11107267370823919,-6.478958333333333,10.336806888841302,0.05164733420436581,0.016516205398961075,12.910794734954834,3.1918685448571296,1031.0740422915626,425.2949515052573,0.0019006390939466655,0.0009116980613623685,0.6483023091786657,0.16530826859850833,0.4972156261985142,0.18373014923967335,0.7572374570354531,0.1820355006556487,0.6019690176092256,0.22283268155738742,0.7542163198503684,0.17529386440164144,0.5805619656325482,0.23450243559691672,0.3308009227292962,0.1622508153815919,59.71433541666667,30.734298783213642,64.16879531294042,31.33150595868678,12.916135613669425,4.233942979370488,0.7674539079336719,0.15997724062290838,nan,nan,nan,nan
patches,Proposed DT-QAT Student,12,4.166729578619294,3.6340437792055615,123.78527083333333,16.14608562126392,59.55352844112045,7.914739181314806,7.749616305033366,0.16229721998305197,7.56993597494586,0.19681459585598493,0.23354324878870764,0.0310381928679012,0.7528248551979112,0.06587366564938739,28.890334129333496,11.97165485556737,45001.90100097656,29702.45600992409,0.3619354166666667,0.03275572201632267,4.749166666666666,1.9453748567649722,0.23051105005045733,0.08118402781721891,35.34535304705302,14.06065676784259,10301.01509349422,7059.480683547805,0.031185769320776064,0.018929640239132267,1.114130442615849,0.12996739995337217,1.1400187779060782,0.15276729855981405,2.0974196056821666,0.6627642397275731,4.483416172540966,2.540382900922207,1.982496028709062,0.6083792954496268,5.081720533730684,2.9633217707249457,5.712306116089281,3.822356698191061,26.31427083333333,15.654820160097051,33.543731878088884,20.168413468703985,20.009407990419028,7.684832150988286,0.8172683240367231,0.14788731724767318,nan,nan,nan,nan
pitted_surface,Input,12,nan,nan,153.27423333333334,32.8707620363591,30.86410289085822,5.222653631462014,6.838658094406128,0.23754707782820841,6.691352680610846,0.2784595048802829,0.1210356976112087,0.020480994633184365,0.32481272497587715,0.0671095257554405,4.607426544030507,1.709965761256297,1906.3121897379558,1167.2589275929843,0.08231875,0.07903820359700053,0.0,0.0,0.027941972017288208,0.007022844335132054,6.592942913373311,2.263354923718658,162.62387446333332,100.50896588771819,0.0006681896993541159,0.0002678997195474887,1.0,0.0,1.0,0.0,1.0,0.0,1.0,0.0,1.0,0.0,1.0,0.0,1.0,0.0,0.0,0.0,0.0,0.0,nan,nan,1.0,0.0,nan,nan,nan,nan
pitted_surface,Global HE,12,nan,nan,128.75383125,0.2601780347895107,73.49906571163137,0.2390020650630074,6.7799034516016645,0.23679159876700367,6.674839401100389,0.2754052642408596,0.2882316302416916,0.0009372630002470782,0.8942103542003378,0.00574987044610879,11.168087442715963,4.764642790877149,12496.469360351562,9873.281391206978,0.2468375,0.09070325461485532,16.451875,4.4294130697018375,0.12532436847686768,0.04790169384822322,16.07716504732768,6.478459518067095,1085.9672810753646,864.258623016281,0.005430890756542794,0.004368026161676869,2.4493171351323344,0.4453254235220669,2.8936973131126984,0.7652474845316773,2.416811304143694,0.4479111130342631,6.248733544432481,2.744780007441664,2.429389683340344,0.45629152702758186,6.411006640923419,2.790735328064041,7.906895100533973,6.528734542660142,47.571452083333334,13.0159535611349,57.08332792375947,16.24483513104314,13.31390009011424,2.426342320838827,0.6781868528573255,0.1000726437267205,nan,nan,nan,nan
pitted_surface,Fixed CLAHE (CL=2.0),12,2.0,0.0,156.05144583333333,29.041997923690445,32.68603447311085,4.64761833034412,6.95687210559845,0.204404991874517,6.794861936741912,0.26057920465062856,0.12818052734553276,0.018225954236643603,0.3370947077887912,0.06435410579136336,10.288380901018778,3.43267937651597,9134.646179199219,5019.719424807484,0.2681854166666667,0.09854123874754932,18.586666666666666,4.54197110461433,0.06207633391022682,0.014303386324179355,14.461222728093466,4.635842914973795,791.9750432266146,432.47684654369885,0.00316470359878925,0.0011067901467581669,1.0650751115225219,0.06124165680638909,1.0424355295894545,0.03889669903381598,2.264921021211943,0.09604219048050223,5.014275860562717,0.41186364331947095,2.2101942278061784,0.06830137636278455,5.127229409886104,0.4704058644345206,4.845340501586845,0.3341156481583521,9.695654166666667,2.8577933389328978,12.387464521286796,3.594135663022732,26.640579431103138,2.7176346380957788,0.928016575296382,0.046792716344777344,nan,nan,nan,nan
pitted_surface,Fixed CLAHE (CL=4.0),12,4.0,0.0,145.60521458333335,18.05491776473071,36.154737623093304,4.811671578357953,7.162342349688212,0.20546621494022205,6.996593481455632,0.2362650704698828,0.1417832847964443,0.01886930030728609,0.40186055475504096,0.04207054511787143,17.575753211975098,6.093988939029762,26804.281494140625,15389.198173693647,0.32957708333333335,0.0634040653793492,24.725833333333334,4.686416581865922,0.1169154675056537,0.034477725525225426,24.601297616958618,8.21526282452535,2362.2969605982817,1362.1112946537219,0.010685923897350827,0.00484972235843312,1.197998546353074,0.22792108774151026,1.293025928676878,0.3198021194852774,3.850281070528937,0.11380912644462846,14.410350520958136,0.6852936927149924,3.742071873394227,0.09144164918572369,14.940100618411858,0.7805587127152822,15.796028943313638,2.378601025575018,23.24023125,6.699662757371762,29.41062058253131,8.450799254318175,19.11048943439729,2.619614345852591,0.7221612385121133,0.09834471277400512,nan,nan,nan,nan
pitted_surface,Rule-based Adaptive CLAHE,12,8.07486675935871,0.876812070618969,140.56568541666667,10.39887411345825,49.04303565987748,8.230556444113944,7.574519515037537,0.2367576791357971,7.422889199196633,0.3057651435960531,0.19232563003873523,0.03227669193770174,0.5766408540510628,0.10641167943815011,28.078073501586914,7.715701096331114,65223.958984375,30418.44975752367,0.37551875,0.00972011226202474,29.32,7.310824710971086,0.21056178150077662,0.061000233886927296,39.30986817677816,10.454622551614154,5952.058228286927,2761.632508892686,0.027932036978503067,0.011397428809775534,1.6391699651311813,0.40924102173957233,1.8902654346873289,0.6611442043549447,6.3414760473881335,0.819535416962651,38.451710994184786,8.775284441967768,6.143133938069223,0.7079657340708667,41.41525140522447,10.056433417866428,42.07539443035058,5.727623506445269,39.685802083333336,10.383819037063574,50.278089890302994,13.020784953266578,14.384909307434603,2.3454562789196354,0.440479355064878,0.1209313308435533,nan,nan,nan,nan
pitted_surface,Adaptive Gamma Correction,12,1.075,0.21373305355470448,150.966275,23.947816794887114,32.32254520686045,5.329913320477191,6.828671455383301,0.25902830456947284,6.683294109864888,0.2952216302324662,0.12675507924259,0.020901620864616437,0.3391664682680915,0.05506838394453071,4.985489288965861,2.2538335756364645,2332.5684763590493,1782.6433327738835,0.10399166666666666,0.10665445443822377,2.1672916666666664,4.055258575201145,0.03061679828291138,0.011611225899110912,7.1026904582977295,2.96288593069956,201.1327495640625,159.2515573679852,0.0008370033210667316,0.0005504784739880524,1.0529164006906195,0.11666293632700542,1.0714394563266882,0.20169211678773688,1.0553462835921008,0.12052982565913023,1.1272518683280413,0.28007956706352755,1.054817312661473,0.11946801320073316,1.130558276603738,0.2816344601998903,1.188599506695042,0.47217102221238527,7.574841666666667,11.658004546966145,7.852114620858153,11.98889619519536,20.875463633463507,2.050914977081884,0.9893628630310464,0.016044222253637202,nan,nan,nan,nan
pitted_surface,MSR Retinex,12,nan,nan,143.69084583333333,22.088818015289874,45.535296504620284,6.539050228588525,7.4507984320322675,0.15759468261817294,7.284660874213833,0.20566359792744152,0.1785697902141972,0.02564333422975892,0.5296883504582147,0.10626557415708651,10.920694271723429,3.1728935921893084,9843.60312906901,5356.849591065895,0.29488749999999997,0.07399472915810841,21.256875,4.270741782093386,0.08088861964643002,0.015308909748280239,15.465564330418905,4.2214818713146345,848.4163337590625,463.6999461723125,0.0039054169319570065,0.0015568973064032212,1.496064071513235,0.2131442216800195,1.657997562274252,0.2809121470137054,2.4753115489220736,0.4268627518549897,5.726147067010853,1.7891548819823357,2.4300233154282127,0.3964079323138618,5.877134173556744,1.9395784996897725,6.107693186710414,2.062071430995816,18.342691666666667,8.086484488802999,22.719464776649307,8.418464787440309,21.47505580260131,2.916877771724923,0.894489857953868,0.04671266412399623,nan,nan,nan,nan
pitted_surface,Proposed DT-QAT Student,12,3.601437875306888,2.5807992680954723,141.47048958333332,18.421513606411075,39.2053119511994,11.146693673137191,7.186749498049418,0.444161167378547,7.04269774667857,0.48803703828014994,0.15374632137725255,0.04371252420838115,0.4421821832565307,0.11704097083197985,17.97044251362483,13.011511385853533,35749.091313680015,37838.112060633466,0.2610854166666667,0.15388799552180701,17.87666666666667,11.001487984758603,0.1238587888268133,0.0923689045583851,24.933202425638836,17.53259124100791,3270.662034925052,3558.174379822013,0.01409720903999793,0.015231416645836935,1.2984764878998134,0.42363236046940106,1.4730186684246747,0.6568220701835035,3.4275386892015334,1.6751036239936565,13.973350152778504,11.046502120276301,3.364557954523308,1.6629992858825247,14.620211907598945,11.66883086550933,18.119075644330323,16.237958564343423,23.470022916666665,17.983725954148536,29.654743074124617,23.001739822519944,22.199977148993742,9.020777315274204,0.7216464526529233,0.2556369527751112,nan,nan,nan,nan
rolled-in_scale,Input,12,nan,nan,140.62817083333331,9.962614592992331,19.100204992191053,2.7204338409293625,6.26913324991862,0.18991297053544345,6.0543487328445025,0.20946636356842377,0.07490276467525903,0.01066836800364456,0.21684849809734963,0.016303052734615093,8.561737815539042,1.0323635590806546,3008.2157999674478,912.1787574950062,0.14945833333333333,0.0676921820829519,0.0,0.0,0.051162610140939556,0.0032232040875730976,10.024019400278727,1.3790607780067141,779.8336859078125,175.0377386643151,0.0022075799837087593,0.0002569811409768549,1.0,0.0,1.0,0.0,1.0,0.0,1.0,0.0,1.0,0.0,1.0,0.0,1.0,0.0,0.0,0.0,0.0,0.0,nan,nan,1.0,0.0,nan,nan,nan,nan
rolled-in_scale,Global HE,12,nan,nan,129.43520625,0.2747948731088891,73.48845786739702,0.07299443076172486,6.188807487487793,0.17967209467859355,6.042069287916469,0.20596998672311537,0.2881900308525373,0.000286252669653826,0.8934416835671338,0.003697413288264256,32.376528104146324,2.9076695853071977,43695.034830729164,8451.566870802939,0.368425,0.005206442687146904,21.89666666666667,6.434165229225132,0.30202898879845935,0.018563081826497668,38.16201368967692,3.4565088135155912,12124.08058456375,2315.365111979115,0.031071931589394808,0.005847054300731416,3.916585641863394,0.5338648885109628,4.142321994584279,0.32650914713745094,3.8321155688255235,0.5643257766080773,15.539092918851335,4.593699826449091,3.8647169614646395,0.5725927002970304,16.385539357842738,4.970575683523227,14.249547573156722,3.069106147788093,49.238314583333334,1.75943975181856,56.99018047539606,1.728700972654752,13.018467289167743,0.26358480485491764,0.476317730185369,0.056440223874514965,nan,nan,nan,nan
rolled-in_scale,Fixed CLAHE (CL=2.0),12,2.0,0.0,150.33399166666666,5.182686479929345,29.881709233580143,1.737048267366078,6.935750126838684,0.08199501315280786,6.735671715020922,0.07283969428151373,0.11718317346502016,0.006811953989670892,0.3253552703696217,0.017344567276148012,19.03740644454956,1.651135576033208,14060.063557942709,3091.2744623075278,0.37274375,0.0049357706983168895,22.328541666666666,6.422928341136836,0.1082181769112746,0.007444777532041997,21.97719923655192,2.199892169921665,3817.574296381354,601.9779038385085,0.009238215396180749,0.0011340765670359593,1.5823108029467863,0.14474021831866737,1.5041596606303167,0.07643393116200259,2.2318455082100526,0.07995248405611471,4.773666253427237,0.3679107735778312,2.202260063653486,0.08021905936384961,4.963399759001142,0.3531114805207339,4.183689847463764,0.1137049278486757,15.992845833333334,1.1196995324352006,19.582382979771545,1.2296644776170462,22.308914109688683,0.5383998687409287,0.8033331900109852,0.0215679016302154,nan,nan,nan,nan
rolled-in_scale,Fixed CLAHE (CL=4.0),12,4.0,0.0,139.34860416666666,5.393611515296187,44.118236593278326,3.905295978268796,7.4720732768376665,0.11405612632791319,7.32448851210125,0.13282570462550336,0.1730126925226601,0.015314886189289393,0.518698644603731,0.030976694077267164,30.731730779012043,2.7430201092963133,36017.015299479164,7594.513078443471,0.3830604166666667,0.003330309471241738,23.360208333333333,6.7756462672585815,0.19407286991675696,0.011947798174814601,35.26450649897257,3.3986163116192416,10123.852443145468,1674.9309757851468,0.026665913717200358,0.003110335238912886,2.331315407173319,0.21413075860107794,2.3992119556981537,0.1592724877668169,3.602541091173665,0.14783049022298717,12.255929395515683,1.103474351394898,3.5354778800958186,0.14933812661901189,13.145093310851813,0.9782751591649429,12.101122135073414,0.841818325464532,25.985716666666665,2.0869307402186825,31.520195657369857,2.414812973248635,18.182221288462433,0.6619386058023288,0.5882246372026588,0.021257789104491612,nan,nan,nan,nan
rolled-in_scale,Rule-based Adaptive CLAHE,12,9.190939283116222,0.41709567135205794,131.6311,1.0089903087650625,66.18820820946598,1.871120370491668,7.9417126178741455,0.02140545466216473,7.9093576993619426,0.031137383786708196,0.25956160082143526,0.007337726943104585,0.8156706258018135,0.02106663378852147,48.7393995920817,3.318777471178503,87725.64453125,10697.507975737833,0.38176666666666664,0.003946982929076875,23.230833333333333,6.855891488789814,0.36516334116458893,0.01985402684999619,55.51828670501709,2.6315161636852302,26410.030619478122,3402.7330856971853,0.06756521171579759,0.008367960152724788,3.5239026311872585,0.46945923499491327,3.7803438411006103,0.29522856342671355,5.747600066751046,0.5944503800676332,30.800562038102928,6.304700602273724,5.608602429690652,0.5847627303010602,35.02987188031863,6.693269535175413,30.788234550896163,3.817289353346962,47.802825,1.7078926046047627,56.589794102614256,2.375987662286129,13.083038900729477,0.36392037385469156,0.3668315744213256,0.03204301231567341,nan,nan,nan,nan
rolled-in_scale,Adaptive Gamma Correction,12,1.0,0.0,140.62817083333331,9.962614592992331,19.100204992191053,2.7204338409293625,6.26913324991862,0.18991297053544345,6.0543487328445025,0.20946636356842377,0.07490276467525903,0.01066836800364456,0.21684849809734963,0.016303052734615093,8.561737815539042,1.0323635590806546,3008.2157999674478,912.1787574950062,0.14945833333333333,0.0676921820829519,0.0,0.0,0.051162610140939556,0.0032232040875730976,10.024019400278727,1.3790607780067141,779.8336859078125,175.0377386643151,0.0022075799837087593,0.0002569811409768549,1.0,0.0,1.0,0.0,1.0,0.0,1.0,0.0,1.0,0.0,1.0,0.0,1.0,0.0,0.0,0.0,0.0,0.0,nan,nan,1.0,0.0,nan,nan,nan,nan
rolled-in_scale,MSR Retinex,12,nan,nan,158.77484375,9.730019942566477,25.870192476603954,2.2199479258521,6.709675431251526,0.12812557265311675,6.46613725096963,0.13297430905862342,0.10145173520236844,0.008705678140596473,0.2650201577052967,0.034918411600724904,14.329602241516113,1.2353302880393424,8352.011840820312,1333.2831092667661,0.3489833333333333,0.012926172943671184,19.9525,7.2576527792142524,0.0789993895838658,0.00991188309251593,16.76344347000122,1.390976644136591,2147.974532895521,400.34706940286657,0.004909498791676015,0.001160273888159301,1.3849757012171,0.26254697364491547,1.2306656152190274,0.20163739016791327,1.7017704452813645,0.2837834472194981,3.0058758677480233,0.9437329143895917,1.7036004712221766,0.28152603571834206,2.9237374621968506,0.9382581157268738,2.269767646517438,0.6654453277117611,20.011881250000002,11.991207141097012,21.81075122603893,11.772886787677148,22.553323774424257,4.9652940736050795,0.8998045585332848,0.04831786825015661,nan,nan,nan,nan
rolled-in_scale,Proposed DT-QAT Student,12,2.64004084189279,0.22610537590961774,142.29901458333333,6.075261200683419,34.439511442113684,3.6643304320518464,7.13342531522115,0.15028056981226687,6.944608385360622,0.15708851510446603,0.1350569076161321,0.014369923262948416,0.40189818808879396,0.05069057502720822,23.639294465382893,2.3088819604550994,21607.1201171875,5326.179065459278,0.37960625000000003,0.0026160154685739494,23.014791666666667,6.673122604415462,0.14398998891313872,0.016974117521477924,27.22836987177531,3.2557351953512357,5930.509422872657,1065.3620910916684,0.01581448169114689,0.0031624405409192693,1.8285706077171828,0.27699679589767795,1.8628031723905922,0.27347580997259013,2.7773906487522173,0.24928731289473124,7.372430353131458,1.33569150003467,2.7307182415954623,0.24466970056962234,7.791803733624674,1.4506174835412515,7.183523000243249,1.3153823074595214,19.522810416666665,2.2581282881730917,23.87707258900245,2.7577902872687785,20.62392987054767,0.9989157839245635,0.6748783684184732,0.04014328186470232,nan,nan,nan,nan
scratches,Input,12,nan,nan,115.02670416666666,14.260494257012944,21.79275672186632,7.256050360599415,5.801265637079875,0.39867187454559627,5.445007927718467,0.40080463086502344,0.08546179106614243,0.02845509945333104,0.2238337154310173,0.06530186402586183,3.233589361111323,0.8930037000674592,3304.0453974405923,1948.8721437617667,0.01850625,0.009470709180751123,0.0,0.0,0.024616127600893378,0.005674538281062405,5.895651598771413,2.1789494569059977,144.51388694031252,70.54949573929392,0.0013626006548292935,0.000681221184103858,1.0,0.0,1.0,0.0,1.0,0.0,1.0,0.0,1.0,0.0,1.0,0.0,1.0,0.0,0.0,0.0,0.0,0.0,nan,nan,1.0,0.0,nan,nan,nan,nan
scratches,Global HE,12,nan,nan,130.52376666666666,0.8534160102955589,73.39934368578871,0.3724149615404481,5.67363699277242,0.37465324605981115,5.4345327796476965,0.3970235219567118,0.28784056347368125,0.00146045082957039,0.8897792612685782,0.005932844802829168,13.756981054941813,4.457070379837464,15530.136922200521,10401.362897501427,0.28242708333333333,0.03687637895469952,26.392083333333332,3.835937249660549,0.15388285306592783,0.0360752524669883,19.903568506240845,6.398627711777867,2125.4861034627606,1598.64661742659,0.00766505333983029,0.005323629011130261,3.844059748269834,1.5993029173891913,4.461668592040184,1.9294799724564242,4.517380101262175,1.681403293293011,7.692226678808571,7.616649001687397,3.790556294608502,1.6473004999854044,18.929718195912628,15.42774116607241,7.950983789318675,8.49209046213847,53.086391666666664,4.880968338950105,61.597099460001566,6.064049857195598,12.379054850127508,0.8696905203225683,0.4190326465329523,0.11274476330937466,nan,nan,nan,nan
scratches,Fixed CLAHE (CL=2.0),12,2.0,0.0,117.2329,12.909193187445737,23.793077734164136,6.855073821322054,6.136618574460347,0.3700393273406029,5.787018609878119,0.36352821127962137,0.09330618719280054,0.026882642436557073,0.2650274185333086,0.06493532783473546,6.406895200411479,1.2987614905096652,5460.214182535808,2690.862628912305,0.056654166666666665,0.02873713117785652,3.814791666666667,2.1436580508595937,0.049622273072600365,0.008664762566085938,10.193333705266317,2.9160769150506742,356.00692612203125,116.61944815175784,0.002581788518000394,0.0008799351101256397,1.1149854938161183,0.12348946684671767,1.231842625749409,0.27601788854180453,2.0326448972167106,0.21007511196331535,1.9392880711410134,0.5658271778173557,1.8060853411540512,0.23183107302237166,2.901694139582646,1.0170526166285556,2.2093591474063494,0.7225768209016202,6.8255083333333335,1.2514227833356377,9.145596098677924,1.9367231932070146,29.10736145491213,2.007910639883284,0.9302545557721082,0.020232187483068882,nan,nan,nan,nan
scratches,Fixed CLAHE (CL=4.0),12,4.0,0.0,123.80848958333334,12.157357948184275,27.92106714481094,6.690559828323464,6.594499508539836,0.37664468486536723,6.271180867625828,0.38737583723269475,0.10949438096004291,0.026237489522837117,0.3318146159615352,0.06607715730675195,10.01292379697164,1.7230394765511452,8015.787007649739,3116.527595699365,0.24998333333333334,0.08823766417345758,23.147708333333334,8.070330866424289,0.07506685766081016,0.010026310670187761,14.720128297805786,3.5035959605265337,815.2774720839063,228.73070149556546,0.004345944481125723,0.0008117126363485794,1.3427135999066229,0.2838478869770398,1.598037113216385,0.5721445137407214,3.214216997918311,0.48606367743138656,3.321323954201312,1.757656584581836,2.6762859965453254,0.5432584790846259,7.099527710197882,3.4009752003402376,4.209533256385833,2.301579656464292,14.888422916666666,3.54787073753813,18.799645399042415,4.238190752959223,22.866669404250114,2.0831901312383962,0.7920281093566375,0.06375387515737488,nan,nan,nan,nan
scratches,Rule-based Adaptive CLAHE,12,10.04978992419526,0.5136381999252687,130.15276041666667,6.685565948203587,40.59124518780401,7.868265101478294,7.301689624786377,0.29936969080013526,7.073232654793858,0.3356394513215482,0.1591813536776628,0.030855941574424686,0.5058425209126951,0.09135163008474984,19.37112840016683,2.0249970946953852,22127.260579427082,5439.471678839332,0.3709354166666667,0.004631726783006988,35.242916666666666,1.3053325217829528,0.14679586825271448,0.015429654747510353,26.355743249257404,4.020871508576221,3229.6909500673437,657.0484376649684,0.013715701798597971,0.0014512613768692807,2.0142784692681266,0.6340945535076569,2.5047867419945096,1.1482692913170829,6.399874942416696,1.6543426236797925,11.450072188537705,9.241557218306138,5.03042603021283,1.673790641639781,31.497327910763854,21.138467932123465,14.615605078075781,10.223665057730123,29.438989583333335,3.535816922072708,36.6599577275637,4.670875603712366,16.912068537653685,1.1140257300232659,0.5104377693289989,0.08671714203169263,nan,nan,nan,nan
scratches,Adaptive Gamma Correction,12,0.95,0.11677484162422846,120.40294583333333,12.552010265472479,21.570237071721692,7.50282588672536,5.7826666831970215,0.4079674774521842,5.421766517932927,0.40479616701980464,0.08458916498714389,0.029422846614609255,0.2136765253737274,0.07117744763710755,3.209609240293503,0.9312001304990811,3269.2644170125327,1998.9595972139964,0.018510416666666665,0.009461863995278706,0.00041666666666666415,0.004373646976927567,0.02375488254862527,0.007015042541709803,5.852320750554402,2.243277749660537,143.01669951927084,72.9023121848549,0.001314981378527591,0.0007513077325125093,0.9849797064576816,0.03597402211318545,0.9523219198863235,0.1113651794647035,0.9877375301791216,0.028767228652754134,0.9525499919301442,0.1118648179834674,0.9853847889283994,0.034535560036135005,0.9660241424468254,0.0803457246003216,0.9050432637904735,0.2218791087223745,5.376241666666666,12.556216281027774,5.382943086063974,12.571854512746654,17.94738743807368,0.012639024871872753,0.9925560699775253,0.017403872289170584,nan,nan,nan,nan
scratches,MSR Retinex,12,nan,nan,83.6934625,19.652692179142406,26.285063252895583,6.518472742620069,6.236435055732727,0.30244495596204846,5.8272141919287135,0.302290854125569,0.10307867942311993,0.02556263820635321,0.409168237641338,0.08526196884183561,5.623890082041423,0.9291332787582391,5516.200551350911,2582.937804652728,0.03469375,0.016697302194312164,1.6187500000000001,1.0781916152015416,0.0655131209641695,0.011281145360225566,9.386010448137919,2.4807813511858416,302.34303846947915,87.19988112046019,0.004610500376050671,0.001008075145181183,1.248186805947524,0.1435718353562994,1.9246931158946339,0.47060466173225757,1.8103582646809153,0.29127709164331833,2.0625151549775596,0.7735787194044752,1.6855611318864931,0.28600828254683414,2.5673570349730954,1.0947316584962146,5.037295844561222,4.089676476021955,31.3443625,10.561942067300471,32.25379410041657,10.226319401583353,18.347547608543458,2.693072219674011,0.8925302508150197,0.07175905955300507,nan,nan,nan,nan
scratches,Proposed DT-QAT Student,12,3.4422731089086254,0.6650194037329272,122.32729375,11.636303208010876,27.13545261280783,6.161094816779752,6.522371093432109,0.321168024576751,6.190562715633671,0.3154894010232825,0.10641353965806992,0.024161156144234322,0.3197489250921972,0.05801635442063601,9.129900415738424,1.4448112086387948,7281.9329020182295,2681.7085015943053,0.20479791666666666,0.08391296319992772,18.629166666666666,7.975532493859332,0.06898982388277848,0.009114557839633735,13.614439725875854,2.917483486088881,679.3916531875,192.07835574705643,0.0038702458259649575,0.0007899302376781823,1.3110167255105307,0.29074915608920815,1.549721673608288,0.576587000108693,2.9791794589278573,0.6677468257618718,3.1057343071170034,1.750742145582503,2.518612879702485,0.6387715449164449,6.281084931798585,3.648517697604704,3.8684479139377617,2.3469287680502213,12.770522916666666,3.0876186167030366,16.35180589925078,3.7133824448476354,24.060047165704873,1.9392654678188272,0.8256206247011582,0.07988464531561172,nan,nan,nan,nan
